Wall time,Step,Value
1593117986.227753,0,0.9502000212669373
1593221558.1215918,0,0.9491000175476074
1593228031.2349265,4001,0.22689999639987946
1593234424.110755,8002,0.2858000099658966
1593240811.931148,12003,0.3199000060558319
1593247207.7979407,16004,0.33250001072883606
1593253599.098037,20005,0.3452000021934509
