Wall time,Step,Value
1593117986.2281518,0,9.428927421569824
1593221558.1211689,0,9.518726348876953
1593228031.2342906,4001,2.4380948543548584
1593234424.110384,8002,2.033384084701538
1593240811.930821,12003,1.8488924503326416
1593247207.79756,16004,1.7856709957122803
1593253599.0975394,20005,1.7393007278442383
