,,Eval Loss,
Wall time,,Step,Value
1593117986,,0,9.428927422
1593221558,,0,9.518726349
1593228031,,4001,2.438094854
1593234424,,8002,2.033384085
1593240812,,12003,1.84889245
1593247208,,16004,1.785670996
1593253599,,20005,1.739300728