,,Eval BLEU score,
Wall time,,Step,Value
1593117986,,0,0.950200021
1593221558,,0,0.949100018
1593228031,,4001,0.226899996
1593234424,,8002,0.28580001
1593240812,,12003,0.319900006
1593247208,,16004,0.332500011
1593253599,,20005,0.345200002
,,,
135612.8703,,,
2260.214505,,,
20000,1.6,32000,
,,533.3333333,
,,8.888888889,